model_name,test_set,n,n_toxic,accuracy,precision,recall,f1,fpr,roc_auc,tn,fp,fn,tp
Model A (Davidson),davidson_test,4957,4124,0.9451281016743999,0.9930875576036866,0.9405916585838991,0.9661270236612702,0.03241296518607443,0.9825557769179446,806,27,245,3879
Model A (Davidson),conda_test,7177,1397,0.780827643862338,0.43026941362916005,0.38869005010737295,0.4084242196314404,0.12439446366782007,0.6116374559424175,5061,719,854,543
Model B (CONDA),davidson_test,4957,4124,0.7690135162396611,0.9463590050943962,0.7657613967022309,0.8465353169816379,0.2148859543817527,0.810267802562344,654,179,966,3158
Model B (CONDA),conda_test,7177,1397,0.935070363661697,0.8497370398196844,0.8095919828203293,0.8291788856304986,0.03460207612456748,0.9462149489885643,5580,200,266,1131
