Model B raw,Model B + normalizer,Model C
0.16666666666666666,0.8333333333333334,0.8333333333333334
