model,test_set,f1,precision,recall,n_test,n_toxic
Model A,conda_test (binary),0.40827067669172934,0.42992874109263657,0.38869005010737295,7177,1397
Model B,conda_test (binary),0.8291788856304986,0.8497370398196844,0.8095919828203293,7177,1397
Model C,conda_test (binary),0.8745668745668745,0.847548690396239,0.9033643521832498,7177,1397
